Health,BETA,SEBeta,BETA,SEBeta,BETA,SEBeta,BETA,SEBeta
Air Pollutant:,AQHI,,CO,,O3,,PM2.5,
All:LAG 0,0.003890091,0.002937419,0.006616423,0.00555469,0.000440308,0.000314356,-0.000114413,0.000365652
Female,0.001044707,0.004175127,-0.003880893,0.007911801,0.001434564,0.000444624,-0.00116928,0.000525364
Male,0.005767859,0.003488023,0.013539633,0.006584203,-0.000225132,0.000374234,0.00057232,0.000429534
Warm All,-0.003248102,0.003207442,-0.006754627,0.0098891,0.000983407,0.000304847,-0.001021537,0.000382573
Warm Female,-0.006442505,0.004725004,-0.044028197,0.01473318,0.001757268,0.000447368,-0.001826763,0.000581828
Warm Male,-0.001179867,0.003890171,0.01667677,0.01189205,0.00047476,0.000371022,-0.00050387,0.000447466
Cold All,0.009132558,0.002659358,0.012251058,0.004322104,-0.000221288,0.000307557,0.000106436,0.000342699
Cold Female,0.006448781,0.003763899,0.005324191,0.006126315,0.000964503,0.000432425,-0.001140168,0.000484013
Cold Male,0.010929984,0.003144174,0.016874177,0.005101718,-0.001024974,0.000364194,0.000927011,0.000409476
Age 0-10 All,0.004905639,0.006692947,0.006760474,0.012558855,-0.00066374,0.000700383,0.000968384,0.000829975
Age 0-10 Female,0.003712478,0.00974833,0.02255589,0.01816996,-0.000571361,0.00101425,-0.001431505,0.001234873
Age 0-10 Male,0.005827473,0.008528256,-0.005263549,0.01608204,-0.000733432,0.000896456,0.002693408,0.001064053
Age 11-60 All,0.003136526,0.003277878,0.0058683,0.006193736,0.000814709,0.000351038,-0.000188865,0.000410442
Age 11-60 Female,-0.000900116,0.004835862,-0.009288788,0.00916788,0.002016353,0.000514856,-0.001095387,0.000612408
Age 11-60 Male,0.005453316,0.003866556,0.014581342,0.007288878,0.000106761,0.000415523,0.000328069,0.000474505
Age 60+All,0.00905509,0.007799006,0.01258082,0.01498481,-0.000916909,0.000851287,-0.000909635,0.000953003
Age 60+ Female,0.008024821,0.009955725,-0.004699357,0.01912217,0.000685353,0.001086018,-0.001293081,0.001189623
Age 60+ Male,0.01046434,0.01140443,0.03802339,0.0219129,-0.003251578,0.001244364,-0.000342932,0.001409019
All:LAG 1,0.013224037,0.00303926,0.02820496,0.005712168,-0.001113415,0.000329432,0.000761697,0.000375176
Female,0.011411048,0.004185544,0.020108117,0.007877355,0.000129156,0.00045307,9.06093E-05,0.000529344
Male,0.0144156,0.003610234,0.03357997,0.006780851,-0.0019423,0.00039056,0.001192724,0.000439688
Warm All,0.00628482,0.003573796,0.034852989,0.011405568,-0.000299102,0.000346218,-6.19081E-05,0.000424085
Warm Female,0.006713745,0.004911541,-0.001407443,0.015826772,0.000702212,0.000474747,0.000120583,0.000611953
Warm Male,0.005954431,0.004243765,0.0579194,0.01344696,-0.000960284,0.000411139,-0.00018137,0.000482099
Cold All,0.01771044,0.002648906,0.02944299,0.004263372,-0.001875692,0.000307849,0.000989248,0.000337693
Cold Female,0.0146258,0.003721282,0.02483521,0.005991295,-0.000403391,0.000432182,-9.63733E-05,0.000476897
Cold Male,0.01980043,0.003148113,0.0325392,0.005068667,-0.002865972,0.000364574,0.001702081,0.000406938
Age 0-10 All,0.00795021,0.006872612,0.02556898,0.01278541,-0.002426923,0.00072759,0.000816228,0.000860999
Age 0-10 Female,0.010973349,0.009809589,0.0364903,0.01812969,-0.002438167,0.001033082,0.000356595,0.001236102
Age 0-10 Male,0.005736017,0.00865215,0.01722604,0.01618265,-0.002422233,0.000920787,0.00115652,0.001102761
Age 11-60 All,0.01451332,0.003325378,0.02951018,0.006247462,-0.000888248,0.000361304,0.000991693,0.000412652
Age 11-60 Female,0.013173398,0.004804467,0.018732816,0.009050344,0.000835244,0.000520851,0.000336453,0.00061286
Age 11-60 Male,0.01526149,0.00393871,0.03575664,0.007386908,-0.00189687,0.00042685,0.001357924,0.00047695
Age 60+All,0.010872896,0.007784845,0.0219916,0.01494313,-0.000987971,0.000857503,-0.001001158,0.000949367
Age 60+ Female,0.003618503,0.009934996,0.01028215,0.01897031,-0.000607486,0.001091619,-0.001296772,0.00119084
Age 60+ Male,0.02139464,0.0113402,0.03946399,0.02193903,-0.001537842,0.001253578,-0.000570711,0.001391425
All:LAG2,0.01588483,0.003193533,0.03435052,0.005999248,-0.001497749,0.00034927,0.00115111,0.000389388
Female,0.014104575,0.004285471,0.029653618,0.008040627,-0.001090932,0.000468009,0.000602652,0.000533892
Male,0.01705424,0.003739936,0.0374726,0.007036206,-0.001766702,0.000409101,0.001505764,0.000451723
Warm All,0.006558732,0.003913895,0.046174337,0.012472718,-0.000599271,0.000382208,0.000559542,0.000473687
Warm Female,0.007283354,0.005149578,0.03450283,0.01647515,0.00020106,0.000502273,0.000589668,0.000642632
Warm Male,0.006053449,0.004560047,0.053573589,0.014506201,-0.001121022,0.000445342,0.000534126,0.000531048
Cold All,0.02154263,0.002718247,0.03467106,0.004395912,-0.002256689,0.000318443,0.001309573,0.000335381
Cold Female,0.01799817,0.003758506,0.0302251,0.006066359,-0.002122231,0.000438435,0.000505398,0.000469315
Cold Male,0.0239164,0.00319673,0.03766188,0.005176621,-0.00234625,0.000375287,0.001840753,0.000403578
Age 0-10 All,0.016773468,0.007001141,0.049345018,0.012947689,-0.002274722,0.000748638,0.001008522,0.000879946
Age 0-10 Female,0.012041444,0.009907157,0.058533002,0.018158789,-0.002101693,0.001052905,0.000148166,0.001269491
Age 0-10 Male,0.020289297,0.008714534,0.042291541,0.016249022,-0.002407199,0.000936761,0.001610386,0.001104907
Age 11-60 All,0.0150576,0.003446727,0.03273978,0.006472497,-0.001504545,0.000377227,0.001273625,0.000422231
Age 11-60 Female,0.012250477,0.004872632,0.026005722,0.009138927,-0.000999187,0.000532838,0.000533439,0.000611833
Age 11-60 Male,0.01668925,0.004043745,0.03669907,0.007602779,-0.001799098,0.000442584,0.001695385,0.000485547
Age 60+All,0.020920806,0.007774345,0.02598018,0.01502034,-0.000347132,0.000866803,0.000479044,0.000924057
Age 60+ Female,0.024650703,0.009905892,0.01762835,0.01908521,-0.000499153,0.001100953,0.001303926,0.001153175
Age 60+ Male,0.01551466,0.01127894,0.03804484,0.0218618,-0.00012563,0.001261601,-0.000696373,0.001360401
All:LAG 3,0.014539,0.0032719,0.03010688,0.006183552,-0.001378238,0.000359549,0.001031749,0.000394282
Female,0.014316831,0.004333992,0.02004368,0.00818818,-0.000820294,0.00047617,0.000737047,0.000532894
Male,0.014713269,0.003801696,0.03692009,0.007184627,-0.001752812,0.000417383,0.001227679,0.000456571
Warm All,0.009074417,0.0040253,0.02918734,0.01306385,-0.000142084,0.000395207,0.000637835,0.00048094
Warm Female,0.015381472,0.005212076,0.01099375,0.01704056,0.00053048,0.000512151,0.001071488,0.000635329
Warm Male,0.004928523,0.004654752,0.040965221,0.015031868,-0.000583018,0.000456442,0.000342019,0.000542259
Cold All,0.017545,0.002785552,0.03106523,0.004517288,-0.002366064,0.000326781,0.001129214,0.000338529
Cold Female,0.012985538,0.003802615,0.020806406,0.006162231,-0.001835315,0.000445419,0.00039099,0.000468074
Cold Male,0.02062394,0.003242558,0.03804438,0.005262332,-0.002725915,0.000381266,0.001622023,0.00040504
Age 0-10 All,0.011888748,0.007021365,0.03123451,0.0131299,-0.002095281,0.000756162,0.001086435,0.00085477
Age 0-10 Female,0.011281928,0.009834433,0.04434885,0.01825903,-0.001783604,0.001058806,-0.000148928,0.001214777
Age 0-10 Male,0.012364668,0.008751086,0.02109746,0.01646191,-0.002334785,0.00094315,0.001995556,0.001082842
Age 11-60 All,0.01440233,0.003509317,0.02828742,0.006629459,-0.001334341,0.000386015,0.001192759,0.000425627
Age 11-60 Female,0.014051181,0.004904959,0.013432937,0.009266866,-0.000790419,0.000539088,0.001000452,0.000606828
Age 11-60 Male,0.014637833,0.004091134,0.03708667,0.007722204,-0.001655524,0.000449827,0.001305305,0.000490475
Age 60+All,0.018883188,0.007795965,0.042814216,0.015052505,-0.000704691,0.000872552,-0.000164576,0.000933476
Age 60+ Female,0.018134252,0.009906008,0.02685779,0.01901838,2.97398E-05,0.001104563,0.000330612,0.001164415
Age 60+ Male,0.01998067,0.01128428,0.066735923,0.021978404,-0.001777219,0.001268059,-0.000852001,0.001358963
All:LAG 4,0.011079623,0.003317329,0.03368676,0.006250691,-0.001225513,0.000361424,0.000568249,0.00039906
Female,0.0148536,0.004377431,0.03529202,0.008253579,-0.001138093,0.00047756,0.000632932,0.000538086
Male,0.008571034,0.003839908,0.03264886,0.007245422,-0.001285199,0.000418007,0.000525904,0.000460507
Warm All,0.0017262,0.004028894,0.003528955,0.013172585,-9.39072E-06,0.000395592,-0.000443961,0.000483107
Warm Female,0.006540069,0.005222852,0.005147815,0.017142606,4.18203E-05,0.000512132,-0.000806959,0.00064847
Warm Male,-0.001455178,0.004633629,0.002402404,0.015113455,-4.43337E-05,0.000455432,-0.000211822,0.000536725
Cold All,0.01622636,0.002832235,0.0386699,0.00453621,-0.00220835,0.000328259,0.000997911,0.000343788
Cold Female,0.019085,0.003848527,0.03959069,0.006191313,-0.002040705,0.000447431,0.001332853,0.000472449
Cold Male,0.01432027,0.003290739,0.03810461,0.005276461,-0.002321477,0.000381036,0.000773191,0.00041247
Age 0-10 All,0.00071328,0.007083603,0.03106752,0.01323593,-0.001204279,0.000753625,0.000259602,0.000863843
Age 0-10 Female,0.001929841,0.009910037,0.04284463,0.01834477,-0.001085531,0.001052055,-0.001668661,0.001248473
Age 0-10 Male,-0.00019036,0.008809949,0.02185801,0.01659305,-0.001295706,0.000939098,0.001614601,0.001078584
Age 11-60 All,0.011494085,0.003550434,0.03306794,0.006690421,-0.001296281,0.00038759,0.000542719,0.000430081
Age 11-60 Female,0.015075284,0.004950026,0.033714985,0.009335932,-0.001424122,0.000540777,0.000768271,0.000611438
Age 11-60 Male,0.009408649,0.004122618,0.03270512,0.007775119,-0.001221567,0.000449889,0.000411716,0.000494317
Age 60+All,0.021182154,0.007812811,0.041912561,0.015048399,-0.000724676,0.00086675,0.001147099,0.000933858
Age 60+ Female,0.025800558,0.00989693,0.03451186,0.01906184,0.000200014,0.001098066,0.001997976,0.001154615
Age 60+ Male,0.01451178,0.01135013,0.05290277,0.02187538,-0.002058097,0.001257197,-9.22153E-05,0.001378021
All:LAG 5,0.006363588,0.003342738,0.02713376,0.006339871,-0.001310034,0.000362557,0.000707166,0.000401318
Female,0.008645928,0.004409432,0.031811055,0.008350972,-0.001146603,0.000478833,0.000775971,0.00054007
Male,0.004836133,0.003853434,0.023993778,0.007325898,-0.001421451,0.000417948,0.000662734,0.000460999
Warm All,-0.007307942,0.004017994,0.01434905,0.01316044,-0.000915385,0.000393488,-3.78521E-05,0.000472603
Warm Female,-0.004012656,0.005219825,0.0154541,0.01717201,-0.001317437,0.000509671,0.000205108,0.000633784
Warm Male,-0.009537524,0.004620024,0.01342739,0.01508836,-0.000652053,0.000453468,-0.000193159,0.000525086
Cold All,0.01485433,0.002863974,0.03108475,0.004631689,-0.001645994,0.000331907,0.000919397,0.000349362
Cold Female,0.01642974,0.003878734,0.03621686,0.006269475,-0.001017259,0.000450313,0.000901746,0.000478737
Cold Male,0.0138111,0.003317664,0.02764355,0.005376828,-0.002070652,0.000383553,0.000930873,0.000417405
Age 0-10 All,-0.009405478,0.007100231,0.008745815,0.013396499,5.04151E-05,0.000750212,-0.000343349,0.000872802
Age 0-10 Female,-0.005234929,0.009946766,0.0206208,0.01866046,-0.000133324,0.001046271,-0.000928594,0.001253098
Age 0-10 Male,-0.012542412,0.008822407,-0.000319272,0.016717507,0.000181949,0.000935284,7.69257E-05,0.001097613
Age 11-60 All,0.007880413,0.003572986,0.02868295,0.00677226,-0.00153989,0.000388566,0.000838778,0.000430517
Age 11-60 Female,0.009556375,0.004974588,0.032495278,0.009418336,-0.00128645,0.000541886,0.000955857,0.000609893
Age 11-60 Male,0.006903448,0.004134219,0.02643165,0.007851102,-0.001688425,0.000449543,0.000771801,0.00049272
Age 60+All,0.01520819,0.00784544,0.040134022,0.015175106,-0.00147437,0.000866436,0.001014708,0.000943303
Age 60+ Female,0.017193419,0.009926877,0.03945404,0.01910518,-0.001534287,0.001097116,0.001430634,0.001173029
Age 60+ Male,0.012228,0.01139493,0.04102653,0.02221626,-0.001402445,0.00125681,0.000424396,0.00137167
All:LAG 6,0.000818173,0.003375153,0.030998479,0.006407585,-0.001414813,0.000362812,-5.88E-05,0.000404313
Female,-0.003264298,0.004452459,0.029255088,0.008453099,-0.001276256,0.000478315,-0.00047871,0.000543295
Male,0.003535134,0.003879809,0.03216253,0.007382692,-0.001506704,0.00041786,0.000212865,0.000462864
Warm All,-0.02485699,0.004082312,-0.03337917,0.01352899,-0.000389271,0.000395657,-0.002451332,0.000486189
Warm Female,-0.03187827,0.005272864,-0.054861934,0.017548985,0.000209199,0.000510063,-0.002877469,0.000646613
Warm Male,-0.02026336,0.004697242,-0.01969516,0.01547719,-0.000783593,0.00045415,-0.00217213,0.000542313
Cold All,0.0153018,0.002887179,0.0404534,0.004660741,-0.002236083,0.00033293,0.001157207,0.000350049
Cold Female,0.012706492,0.003913515,0.04109461,0.006319094,-0.002437466,0.000449697,0.000851564,0.000481576
Cold Male,0.01703809,0.003329874,0.04004576,0.005401383,-0.002099827,0.000385684,0.001349193,0.000414602
Age 0-10 All,-0.009247682,0.007123718,0.01199974,0.01341207,0.00073187,0.000747316,-0.002030732,0.000880619
Age 0-10 Female,-0.018260673,0.009994206,0.00795738,0.01879569,0.001584382,0.001040622,-0.00407782,0.001277051
Age 0-10 Male,-0.002504118,0.008850218,0.01507891,0.01667762,6.97548E-05,0.000933624,-0.000600845,0.001100856
Age 11-60 All,0.001037216,0.003607949,0.03180181,0.006853606,-0.001676963,0.000388347,0.000112982,0.000433272
Age 11-60 Female,-0.001816865,0.005017744,0.029128145,0.00954384,-0.001538194,0.000540593,-0.000133992,0.000609378
Age 11-60 Male,0.002716853,0.004166372,0.03337749,0.007924525,-0.001758318,0.000448966,0.000251626,0.000495866
Age 60+All,0.01216569,0.007880241,0.051021154,0.015229557,-0.002467427,0.000868352,0.001067245,0.000943834
Age 60+ Female,0.004015395,0.010034389,0.051310431,0.019180639,-0.003062569,0.001097876,0.000952258,0.001184984
Age 60+ Male,0.02360436,0.01132653,0.05029113,0.02228659,-0.001585855,0.001261834,0.001194932,0.001348625
All:LAG 7,0.002299883,0.003363299,0.020811398,0.006397559,-0.000668185,0.000363871,0.000431085,0.000402584
Female,-0.004955826,0.004450684,0.016790528,0.008472253,-0.000299314,0.000480399,-0.000391507,0.000543819
Male,0.00715803,0.003861989,0.023524288,0.007353021,-0.000915282,0.000418743,0.000971013,0.000460142
Warm All,-0.012905398,0.004079764,-0.02340255,0.0136259,9.01933E-05,0.000394547,-0.001091091,0.00048973
Warm Female,-0.02276,0.00529473,-0.0476857,0.01780995,0.000392239,0.000511043,-0.002385236,0.000658197
Warm Male,-0.006410237,0.004682969,-0.007813896,0.015560019,-0.000109472,0.00045322,-0.00027282,0.000538776
Cold All,0.011171522,0.002891807,0.02754517,0.00468695,-0.001281107,0.000336433,0.001230497,0.000348366
Cold Female,0.005110177,0.003914274,0.026139847,0.006346069,-0.00082818,0.000453469,0.000732174,0.000479817
Cold Male,0.015258,0.003326989,0.02851543,0.005405972,-0.001587681,0.000388314,0.001564604,0.000412778
Age 0-10 All,0.005641692,0.007094071,0.01220236,0.01347519,0.001394565,0.000750672,3.35654E-06,0.000866442
Age 0-10 Female,-0.000921353,0.009954124,0.005422187,0.01886158,0.002218449,0.001048234,-0.001363146,0.00124028
Age 0-10 Male,0.010620936,0.008811177,0.01741548,0.01676834,0.000763608,0.000936101,0.000991898,0.00109262
Age 11-60 All,0.001215924,0.003602119,0.021118312,0.006845531,-0.001041192,0.000389983,0.000351466,0.000433614
Age 11-60 Female,-0.004883808,0.005025325,0.018366202,0.009563295,-0.000654346,0.000542972,-0.000364547,0.000616568
Age 11-60 Male,0.004798402,0.004156949,0.022740272,0.007902482,-0.001269807,0.000450909,0.000765149,0.000494403
Age 60+All,0.005899395,0.007874979,0.03013397,0.01517878,-0.000702758,0.000869215,0.001563185,0.0009336
Age 60+ Female,-0.009532245,0.010011337,0.02044618,0.01918886,-0.001223605,0.001100034,0.000367425,0.001170406
Age 60+ Male,0.02811734,0.01134793,0.04440611,0.02208546,6.73753E-05,0.001261699,0.003267612,0.00133871
All:LAG 8,0.001756754,0.003381202,0.015972165,0.006380254,-0.000270061,0.000365924,0.000132836,0.000408974
Female,0.000428598,0.004481206,0.010975942,0.008435528,6.69344E-05,0.000484517,-0.000198577,0.000551996
Male,0.00266613,0.003886883,0.019357474,0.007349942,-0.00049265,0.000420872,0.000350654,0.000466955
Warm All,-0.011426741,0.004102605,-0.02974878,0.01360526,0.001016904,0.000396665,-0.001618984,0.000499917
Warm Female,-0.011518538,0.005352411,-0.04086244,0.01777992,0.001437974,0.000515853,-0.001822766,0.000668873
Warm Male,-0.01136376,0.004700519,-0.02276477,0.0155671,0.000746211,0.000455368,-0.001490532,0.000550805
Cold All,0.00958598,0.002906904,0.0235123,0.004676715,-0.001303185,0.000337633,0.001066036,0.000352506
Cold Female,0.007285832,0.003936399,0.018854805,0.006327782,-0.00100781,0.000456862,0.000675271,0.000484141
Cold Male,0.011156433,0.003352732,0.02671797,0.005404104,-0.001503471,0.000389731,0.001329007,0.000417178
Age 0-10 All,0.006300107,0.007144242,0.009856464,0.013396981,0.001616982,0.000756053,0.000236197,0.000877302
Age 0-10 Female,0.002498145,0.010043027,-0.005373238,0.018758603,0.002747422,0.00105545,-0.000756684,0.001249585
Age 0-10 Male,0.009321243,0.008860667,0.02154357,0.01666282,0.000753285,0.000942863,0.000968122,0.001107969
Age 11-60 All,0.000437654,0.003622436,0.013968559,0.006833206,-0.000524173,0.000392455,6.94955E-05,0.000440295
Age 11-60 Female,0.00124517,0.005063137,0.0105913,0.0095249,-0.000375898,0.000548349,-3.41523E-05,0.000627449
Age 11-60 Male,-3.21181E-05,0.004183382,0.015973658,0.007907046,-0.000611286,0.000453376,0.000131169,0.000500298
Age 60+All,0.005510343,0.007938699,0.039980492,0.015203866,-0.001003061,0.000876224,0.000469685,0.0009485
Age 60+ Female,-0.005653981,0.010065969,0.02897251,0.01916402,-0.000615312,0.001109163,-0.000447772,0.001188174
Age 60+ Male,0.02175386,0.01148945,0.05640314,0.02223387,-0.001562428,0.001271749,0.001762619,0.001362605
All:LAG 9,0.004216864,0.003403158,0.019646851,0.00641346,-0.000491398,0.000366479,0.000344231,0.000409438
Female,0.008916789,0.004502116,0.026390721,0.008446382,-0.000368019,0.00048542,0.000534012,0.000550135
Male,0.001105135,0.003910362,0.015124547,0.007398842,-0.000574425,0.000420803,0.000221973,0.000468602
Warm All,-0.002988477,0.004125273,-0.01232823,0.01376427,0.000892142,0.000399405,-0.000969764,0.000498205
Warm Female,0.002216507,0.005366531,-0.01096423,0.01789243,0.00108332,0.000518939,-0.000957735,0.000664569
Warm Male,-0.006399635,0.004722094,-0.01336694,0.01576724,0.000770818,0.000457869,-0.000977795,0.000549176
Cold All,0.008289045,0.002931066,0.02481034,0.004704301,-0.001590056,0.000336851,0.001037931,0.000353324
Cold Female,0.012329669,0.003957174,0.03172633,0.006335335,-0.001488257,0.000456149,0.001346403,0.000482521
Cold Male,0.005611878,0.003377978,0.020190191,0.005442584,-0.001663447,0.000387918,0.000835729,0.000419731
Age 0-10 All,0.013648129,0.007176965,0.02670948,0.01342321,-8.81223E-05,0.000757525,0.000752485,0.000884521
Age 0-10 Female,0.026403179,0.010083827,0.02467259,0.01879444,0.000344267,0.001062314,0.001878013,0.001265603
Age 0-10 Male,0.004158227,0.008911432,0.02831676,0.01671356,-0.000418696,0.000941474,-4.90887E-05,0.001114716
Age 11-60 All,0.003620656,0.003648867,0.019263035,0.006867714,-0.000492853,0.000393424,0.000359022,0.000440892
Age 11-60 Female,0.009166597,0.005080762,0.030437186,0.009506427,-0.000441642,0.000549002,0.000456985,0.000623095
Age 11-60 Male,0.000376484,0.004214232,0.012617124,0.007966324,-0.000524441,0.000453882,0.00030375,0.000502933
Age 60+All,-0.003684972,0.00797776,0.01280761,0.01541194,-0.00105832,0.000875043,-0.000244779,0.00093921
Age 60+ Female,-0.009064867,0.01017224,0.008172434,0.01949745,-0.000759276,0.001109721,-0.000235962,0.001176492
Age 60+ Male,0.00378237,0.01146622,0.01941885,0.02240745,-0.001489157,0.001267897,-0.000263421,0.001355775
All:LAG 10,0.000911036,0.003428099,0.01535495,0.00644918,-0.000458695,0.000369512,0.0004345,0.000410071
Female,0.002043231,0.004522622,0.022906675,0.008455732,-0.000472076,0.000487675,0.000377557,0.000548426
Male,0.000159895,0.003940029,0.010205801,0.007446722,-0.000447367,0.000424645,0.000472783,0.000471097
Warm All,-0.006784761,0.004133251,0.002609832,0.013890627,0.000321259,0.00040345,-0.001147308,0.000491861
Warm Female,-0.00655018,0.005365872,-0.005702803,0.018106561,0.000564484,0.000523309,-0.001481961,0.00064938
Warm Male,-0.006920605,0.004729004,0.007942724,0.015846779,0.000165796,0.000461803,-0.000931776,0.000545337
Cold All,0.005652879,0.002955288,0.01914355,0.004727472,-0.001065498,0.000339252,0.00140085,0.0003554
Cold Female,0.006972904,0.003982363,0.02834136,0.006330727,-0.001260183,0.000457136,0.001551755,0.000485017
Cold Male,0.004759861,0.003411446,0.012834916,0.005486494,-0.000931631,0.00039186,0.001299685,0.000424012
Age 0-10 All,0.010022406,0.007200386,0.01888673,0.01345978,0.000547813,0.000761949,0.00094398,0.000867128
Age 0-10 Female,0.01984198,0.01010559,0.02509025,0.01877541,0.000787997,0.001066324,0.001351057,0.00122845
Age 0-10 Male,0.002707893,0.008943807,0.01411688,0.016799,0.000372265,0.000948522,0.000640678,0.001100206
Age 11-60 All,0.000609078,0.003672051,0.016715919,0.006891639,-0.000678222,0.000396112,0.00045092,0.000442194
Age 11-60 Female,0.001737513,0.005101067,0.027949157,0.009499829,-0.000930961,0.00055086,0.000329535,0.000621388
Age 11-60 Male,-4.72802E-05,0.004241586,0.009982096,0.008001177,-0.000530737,0.00045738,0.000523539,0.000506838
Age 60+All,-0.00858012,0.008030729,-0.000160869,0.015557365,-0.000201256,0.000881921,-0.000284707,0.000945783
Age 60+ Female,-0.01346106,0.01020406,-0.00405084,0.01961466,0.000405833,0.00111589,-0.000237783,0.001185654
Age 60+ Male,-0.001689954,0.011587534,0.005528075,0.022700476,-0.001090478,0.001280061,-0.000346189,0.001362231
All:LAG 11,-0.000288032,0.003440884,0.011533616,0.006477764,-0.00045471,0.000369246,5.07938E-05,0.000411014
Female,0.001293089,0.004538485,0.012240934,0.008520919,-0.00067935,0.000487138,-0.000195711,0.000551279
Male,-0.001372432,0.003944993,0.010996095,0.007443124,-0.00030446,0.000423341,0.000211601,0.000469855
Warm All,-0.010599274,0.004135675,-0.000897861,0.013937917,0.000317034,0.000403821,-0.00114368,0.000484956
Warm Female,-0.00296453,0.005381747,-0.005020354,0.018173395,0.00052591,0.000524273,-0.000926667,0.000642847
Warm Male,-0.01565584,0.004704795,0.001790015,0.01583558,0.000178174,0.000460144,-0.00128935,0.000534839
Cold All,0.005763812,0.002971095,0.014667359,0.004751449,-0.001054582,0.00033852,0.000790025,0.000359861
Cold Female,0.003634398,0.00400119,0.015391474,0.006389992,-0.001580731,0.000455656,0.000272159,0.000490117
Cold Male,0.007189666,0.003429943,0.014115734,0.005494442,-0.000697622,0.000391171,0.001135809,0.000427899
Age 0-10 All,0.006349635,0.00723794,0.009394049,0.013566312,0.000223844,0.000760926,-0.001036933,0.00087646
Age 0-10 Female,0.02142354,0.01014769,0.004828351,0.018981548,0.001215796,0.001063007,-0.000423151,0.001254573
Age 0-10 Male,-0.005005543,0.008991116,0.01279537,0.01688574,-0.00053434,0.000948022,-0.001476794,0.001108244
Age 11-60 All,-0.000717965,0.003682847,0.011585531,0.006927098,-0.000506333,0.000395832,0.000464357,0.000441041
Age 11-60 Female,-0.000161333,0.00512028,0.015179829,0.009598669,-0.001111445,0.000550645,0.000414206,0.000621555
Age 11-60 Male,-0.001072085,0.004243938,0.009417505,0.008000738,-0.000149712,0.000455984,0.000492785,0.000503596
Age 60+All,-0.005306015,0.008054981,0.0143435,0.0153851,-0.001004236,0.000878591,-0.001648894,0.00096102
Age 60+ Female,-0.01096783,0.01022446,0.005753905,0.019426981,-0.000554164,0.001113151,-0.0028108,0.001208724
Age 60+ Male,0.002737386,0.011619919,0.02691808,0.02236878,-0.001673312,0.001271353,-3.11703E-05,0.001375156
All:LAG 12,0.001272942,0.003455343,0.014362218,0.006529525,-0.00093355,0.00036862,0.000272826,0.000410342
Female,0.001937699,0.004558767,0.016945218,0.008591636,-0.00102731,0.000486511,-8.99869E-05,0.000551445
Male,0.000834236,0.003968528,0.012623855,0.007516112,-0.000871992,0.000423526,0.000511401,0.000469077
Warm All,-0.013906625,0.004118373,-0.01486373,0.01397655,-7.04707E-05,0.000403295,-0.001586272,0.000482131
Warm Female,-0.002040574,0.005347882,-0.005664551,0.018194931,0.000580704,0.000522258,-0.001374747,0.000637141
Warm Male,-0.02172438,0.004701575,-0.02101395,0.01593454,-0.000500534,0.000461237,-0.001723189,0.000533641
Cold All,0.010149247,0.002993536,0.01891991,0.00478456,-0.001589278,0.000337701,0.001434891,0.00035998
Cold Female,0.003711667,0.004045865,0.019525642,0.006449373,-0.002226391,0.000455907,0.000613564,0.000491907
Cold Male,0.01450369,0.003453823,0.018548158,0.005536607,-0.001164637,0.000390618,0.001987615,0.000426886
Age 0-10 All,0.013334933,0.007275244,0.03200547,0.01364492,-0.000993221,0.000760306,-0.000446053,0.000876594
Age 0-10 Female,0.033768611,0.01016809,0.04622803,0.0189929,-0.000547134,0.001060676,-0.000239688,0.001250149
Age 0-10 Male,-0.001965972,0.009051747,0.02121831,0.01704525,-0.001344729,0.000947806,-0.000589135,0.001110887
Age 11-60 All,-0.000418577,0.003696144,0.01148116,0.0069806,-0.001001472,0.000395236,0.000512164,0.000439843
Age 11-60 Female,-0.002489616,0.005141493,0.011723498,0.009689648,-0.001285377,0.000550414,0.000128851,0.000622515
Age 11-60 Male,0.000793357,0.00426475,0.011305372,0.008067016,-0.000833874,0.000456051,0.000735943,0.00050127
Age 60+All,-0.001495043,0.008102312,0.01251286,0.01559584,-0.00030295,0.000875416,-0.000637238,0.00096378
Age 60+ Female,-0.007312649,0.010292809,0.01307479,0.01964935,-0.000261172,0.001109758,-0.000967168,0.001211359
Age 60+ Male,0.006802971,0.011672135,0.01170607,0.022745,-0.000366988,0.001265333,-0.000184434,0.001383221
All:LAG 13,-0.003564429,0.003482537,0.005470875,0.006607555,-0.000246781,0.000369033,0.000154823,0.000411724
Female,-0.001933559,0.004588363,0.008369113,0.008696674,9.8441E-05,0.000486227,-0.000367243,0.000551234
Male,-0.00465165,0.004004892,0.003530044,0.007603973,-0.000478466,0.000424311,0.000504466,0.000471899
Warm All,-0.010717756,0.004072264,-0.02192401,0.01388636,0.000574954,0.000403754,-0.000717695,0.000477164
Warm Female,-0.002940036,0.005268475,-0.02659998,0.01802126,0.00139988,0.000522308,-0.000721112,0.000623807
Warm Male,-0.015867062,0.004662246,-0.0187591,0.01586966,2.82612E-05,0.000462169,-0.000715749,0.000533867
Cold All,0.000822946,0.003065921,0.010183572,0.004862221,-0.000899154,0.000338925,0.000817131,0.000366246
Cold Female,-0.001426742,0.004133391,0.013448928,0.006551061,-0.000881072,0.00045677,-0.000160559,0.000501795
Cold Male,0.002335414,0.003538729,0.007986502,0.005616954,-0.000914016,0.00039155,0.001472139,0.000431448
Age 0-10 All,-0.000758795,0.007336295,0.01010249,0.01377218,-0.000753305,0.000761626,-0.000336891,0.000883853
Age 0-10 Female,0.007392442,0.010256459,0.02230307,0.01914566,-0.001410257,0.001062453,-0.00025211,0.001261748
Age 0-10 Male,-0.006993245,0.009110797,0.000649961,0.017179122,-0.000250075,0.000947608,-0.000410491,0.001114556
Age 11-60 All,-0.003544652,0.003723569,0.004512173,0.007064391,-0.000138012,0.000395161,0.000349451,0.000440762
Age 11-60 Female,-0.001543527,0.00517449,0.005042968,0.009818002,0.000427398,0.000549537,-0.000191014,0.00062171
Age 11-60 Male,-0.004726808,0.004301201,0.004186075,0.008159979,-0.000470036,0.000456147,0.000672955,0.00050401
Age 60+All,-0.007211452,0.008164954,0.006547816,0.015722405,-0.000370126,0.000879524,-0.000722097,0.000971687
Age 60+ Female,-0.01271168,0.01037491,0.0104628,0.01987307,9.16664E-05,0.001112233,-0.001332587,0.001220545
Age 60+ Male,0.000594184,0.011765962,0.000781921,0.022828846,-0.001043332,0.001276226,0.000139747,0.001396843
All:LAG 14,-0.001111926,0.003509572,-0.000884621,0.006637025,0.000351514,0.000370863,0.000111315,0.000417083
Female,0.001415445,0.004624008,0.002496027,0.008734257,0.000561278,0.000488239,-0.000230656,0.000559879
Male,-0.002793207,0.004035717,-0.003136119,0.007638364,0.000209115,0.000426744,0.000338286,0.000478398
Warm All,-0.006113643,0.004056117,-0.040820033,0.013847193,0.001348117,0.000405382,-0.000312083,0.000482632
Warm Female,0.002934604,0.005253553,-0.02540092,0.01801624,0.001754577,0.000524263,-0.000117223,0.000638632
Warm Male,-0.012030681,0.004634253,-0.05082606,0.015790073,0.001081137,0.000464307,-0.000437916,0.000535869
Cold All,0.001884993,0.003111403,0.005900886,0.004879665,-0.000495499,0.000340296,0.000624799,0.000368546
Cold Female,3.37286E-06,0.004194242,0.00642856,0.006584994,-0.000357593,0.000458709,-0.000109864,0.000506037
Cold Male,0.003183257,0.003592627,0.005584284,0.005631055,-0.000592351,0.000393007,0.001123634,0.000437201
Age 0-10 All,0.001541097,0.007359244,0.004418185,0.013835825,0.000355399,0.000763435,-0.000421599,0.000893417
Age 0-10 Female,0.005890473,0.010257821,0.007850678,0.019236129,0.000713463,0.001064521,-0.000650843,0.001267342
Age 0-10 Male,-0.001829854,0.009178988,0.00184723,0.01729089,6.73921E-05,0.000951954,-0.000251001,0.00113307
Age 11-60 All,-0.002587739,0.003757871,-0.00493504,0.007104994,0.000457105,0.000397305,0.000222517,0.000447463
Age 11-60 Female,-0.001455973,0.005229319,-0.004259478,0.009878309,0.000630584,0.000552035,-0.000136093,0.000634952
Age 11-60 Male,-0.003244702,0.004334245,-0.00531637,0.008199236,0.00035461,0.000458698,0.000431361,0.000511122
Age 60+All,0.006629258,0.008183164,0.0229559,0.01561646,-0.000496695,0.000883687,-7.04461E-05,0.000973793
Age 60+ Female,0.01047648,0.01036475,0.0293042,0.01970263,4.66588E-05,0.001115142,-0.000301449,0.00120844
Age 60+ Male,0.001119106,0.011841637,0.01346602,0.02273684,-0.001295592,0.001285916,0.000288049,0.001418662
Air Pollutant:,AQHIX,,NO2,,O3H8,,SO2,
All:LAG 0,0.003351333,0.002214702,0.00022448,0.000250933,0.000398883,0.000211234,-0.000536388,0.001005783
Female,0.000985161,0.003151519,-0.000179237,0.000355762,0.000718331,0.000299776,-0.001192386,0.001427881
Male,0.004903482,0.002627873,0.000493614,0.000298386,0.000185494,0.000251147,-0.000099322,0.00119523
Warm All,-0.000960681,0.002055847,-0.000585563,0.000322042,0.000404969,0.000182275,-0.001226907,0.001003697
Warm Female,-0.002790224,0.003027224,-0.001393808,0.000475132,0.000605378,0.000267929,-0.002075238,0.001477897
Warm Male,0.000227614,0.002493885,-6.42167E-05,0.000390192,0.000273705,0.00022149,-0.000676009,0.001217783
Cold All,0.009834101,0.002264927,0.000715225,0.000211019,0.0005311,0.000235159,0.000295756,0.000964123
Cold Female,0.006990888,0.003211427,0.000453195,0.000297824,0.001034648,0.000331315,-0.000212501,0.001359998
Cold Male,0.01172125,0.002676244,0.00089245,0.000249936,0.000189254,0.000278659,0.000639835,0.001141291
Age 0-10 All,0.002505863,0.004950107,0.00037595,0.000569979,-0.000310632,0.000464181,0.000636817,0.002232545
Age 0-10 Female,0.001427946,0.00720175,0.00081273,0.000827723,-0.000334517,0.000672018,0.002737773,0.003216347
Age 0-10 Male,0.003315405,0.006312754,4.66012E-05,0.000727938,-0.000294614,0.00059422,-0.000979102,0.002868419
Age 11-60 All,0.003015951,0.002477136,4.69434E-05,0.000280035,0.000581265,0.000236498,-0.001248919,0.001124658
Age 11-60 Female,-1.11668E-05,0.00365945,-0.000563051,0.000411742,0.001000631,0.00034838,-0.002711365,0.00165867
Age 11-60 Male,0.004749147,0.002919823,0.000403202,0.000330879,0.000335817,0.000279401,-0.000394327,0.001327132
Age 60+All,0.007705894,0.005931531,0.00141177,0.000667825,4.30566E-05,0.000573379,0.003444263,0.002717483
Age 60+ Female,0.005592124,0.007585722,0.000692739,0.000853164,0.00049806,0.000733307,0.002107924,0.003477127
Age 60+ Male,0.010641532,0.008650043,0.002450153,0.000975685,-0.000624114,0.000835715,0.005385625,0.003960422
All:LAG 1,0.009391601,0.002298781,0.001315166,0.00025881,-0.00017583,0.000220815,0.001882775,0.001047777
Female,0.007715513,0.003165638,0.000846764,0.000356256,0.000261538,0.000303064,0.001713451,0.00144006
Male,0.010489993,0.002729963,0.001627798,0.000307588,-0.000469104,0.000262261,0.001988672,0.001244352
Warm All,0.005094747,0.002288914,0.00082444,0.000359188,0.000276565,0.000204598,-0.004141723,0.001124448
Warm Female,0.00535856,0.003141974,0.000118258,0.000494793,0.000634555,0.000280132,-0.003719187,0.001547468
Warm Male,0.004882036,0.002720651,0.001280994,0.000425712,3.65326E-05,0.000243434,-0.00444163,0.001335393
Cold All,0.01509957,0.002268895,0.001602945,0.000209179,-0.000660417,0.000236758,0.006614789,0.000958162
Cold Female,0.011268132,0.003188132,0.001197425,0.000293812,-0.000126398,0.000330641,0.006008538,0.001344151
Cold Male,0.01768669,0.002695029,0.001877643,0.00024892,-0.001020087,0.00028128,0.007024869,0.001140763
Age 0-10 All,0.006001931,0.005097768,0.001384428,0.000583208,-0.000781919,0.000480269,0.000790173,0.002304181
Age 0-10 Female,0.005210289,0.007268075,0.0017493,0.000831169,-0.00119648,0.000681877,0.002713973,0.003263409
Age 0-10 Male,0.006625042,0.006422993,0.001114102,0.000735543,-0.000466981,0.000607077,-0.000700649,0.002917167
Age 11-60 All,0.01047964,0.002520825,0.001277302,0.000283453,-2.17523E-05,0.000242566,0.002240158,0.00114867
Age 11-60 Female,0.010096209,0.003642671,0.00069179,0.000408963,0.000808544,0.000349247,0.001859402,0.001658689
Age 11-60 Male,0.010681095,0.00298505,0.001620233,0.000335821,-0.000507811,0.000287016,0.002457708,0.001358926
Age 60+All,0.006063155,0.005936708,0.00153117,0.000666792,-0.000475971,0.000575336,0.000698374,0.002729275
Age 60+ Female,-0.000983277,0.007567475,0.000716003,0.000849926,-0.000806284,0.000731234,-0.000038664,0.003472981
Age 60+ Male,0.016294203,0.008659279,0.002718426,0.000973669,7.79092E-06,0.000842808,0.001764689,0.003991481
All:LAG 2,0.01104698,0.002423612,0.001581087,0.000271717,-0.000325027,0.000232632,0.002098175,0.001100454
Female,0.008581666,0.003255133,0.001406168,0.000364039,-0.000395507,0.000310798,0.000158106,0.001475672
Male,0.01266874,0.002835063,0.001696333,0.000318825,-0.000277554,0.000272657,0.00337517,0.001286193
Warm All,0.004653762,0.002494784,0.000850824,0.000390726,9.64226E-05,0.000224247,-0.002762824,0.001227632
Warm Female,0.003800926,0.003279754,0.000383843,0.000514518,0.000196518,0.000293954,-0.003933783,0.001621968
Warm Male,0.00519622,0.002908294,0.001150012,0.00045493,3.09218E-05,0.00026184,-0.002023176,0.001426762
Cold All,0.01841743,0.002342931,0.001908923,0.000215359,-0.000798311,0.000242772,0.005802874,0.00098736
Cold Female,0.0138863,0.00324461,0.001792826,0.000297035,-0.001099978,0.000332317,0.003245003,0.001360036
Cold Male,0.02143786,0.002750706,0.001986914,0.000254216,-0.000594771,0.000286067,0.007527912,0.001159704
Age 0-10 All,0.012227906,0.005208597,0.002048628,0.000592092,-0.000474691,0.000490598,0.001006695,0.002355381
Age 0-10 Female,0.006178514,0.007352933,0.001823157,0.000834846,-0.000961944,0.000688664,0.00077304,0.0033233
Age 0-10 Male,0.016769865,0.006493444,0.002219248,0.000739636,-0.000103063,0.000614071,0.001172024,0.002936992
Age 11-60 All,0.00999896,0.002620826,0.001470878,0.000293349,-0.000434814,0.000251559,0.002965293,0.001186865
Age 11-60 Female,0.007042717,0.003710409,0.001234452,0.000413848,-0.000443966,0.000354367,0.000864396,0.001677622
Age 11-60 Male,0.011706238,0.003070562,0.001609176,0.00034478,-0.000429829,0.000295352,0.004189551,0.001390484
Age 60+All,0.017423381,0.005967626,0.001798161,0.000669335,0.000756765,0.000579737,-0.003131164,0.002736588
Age 60+ Female,0.01826605,0.00759139,0.001824247,0.000850791,0.000449656,0.000736087,-0.0039237,0.003481729
Age 60+ Male,0.016158014,0.008682244,0.001753976,0.000974573,0.001204225,0.000844493,-0.002014081,0.003974535
All:LAG 3,0.00978923,0.002492335,0.001452813,0.000279072,-0.000365256,0.000240397,0.001867072,0.001137131
Female,0.010997854,0.003304107,0.001320535,0.000369505,0.000107609,0.000317965,0.001084462,0.001507006
Male,0.009009482,0.002893244,0.001543955,0.000324552,-0.000680415,0.000278948,0.002388454,0.001318404
Warm All,0.007554745,0.002577867,0.000793556,0.000404678,0.000535258,0.000231901,-0.002875825,0.001273343
Warm Female,0.011540639,0.003338997,0.001026658,0.000525064,0.000979645,0.000300183,-0.00323472,0.001656654
Warm Male,0.00494264,0.002981458,0.000640728,0.000467377,0.000244438,0.000268182,-0.00264163,0.001468162
Cold All,0.01241905,0.002407828,0.001697936,0.000220747,-0.001484578,0.000250017,0.005331062,0.001019796
Cold Female,0.010138714,0.003284371,0.00137231,0.000301298,-0.000958059,0.000339802,0.00420229,0.001388782
Cold Male,0.01395967,0.002801828,0.001919197,0.00025751,-0.00184238,0.000291702,0.006091793,0.001187868
Age 0-10 All,0.009168323,0.005243594,0.001531246,0.000597308,-0.000473258,0.000498086,0.000246397,0.002382796
Age 0-10 Female,0.010549928,0.007348718,0.001703667,0.000836821,-5.64694E-05,0.00069554,0.003163764,0.003328358
Age 0-10 Male,0.008131538,0.006533,0.001403386,0.000744706,-0.000793622,0.000621968,-0.001974534,0.002974375
Age 11-60 All,0.00910902,0.00267929,0.001364166,0.000299311,-0.000458716,0.000258476,0.002423869,0.001220391
Age 11-60 Female,0.009808481,0.003749776,0.001199104,0.000417784,-6.49523E-05,0.000360707,0.000951275,0.00170642
Age 11-60 Male,0.008727118,0.003119609,0.001464167,0.000349303,-0.000689075,0.0003011,0.003285815,0.001420207
Age 60+All,0.01573783,0.005992554,0.002026546,0.000671511,0.00052017,0.000584232,-0.00016723,0.002757571
Age 60+ Female,0.016907818,0.007611868,0.001514084,0.000851479,0.001130058,0.000742032,-0.000465703,0.00351444
Age 60+ Male,0.014113447,0.008679868,0.002772331,0.000975504,-0.000346561,0.000844987,0.000282311,0.003969362
All:LAG 4,0.007118348,0.00251927,0.001233934,0.000283073,-0.000413307,0.000242233,0.003172903,0.001140798
Female,0.011136386,0.003328193,0.001513423,0.000373227,-6.28038E-05,0.000320196,0.004106031,0.00150675
Male,0.00444749,0.002912618,0.001047511,0.000328116,-0.000648656,0.000279765,0.00254507,0.001319248
Warm All,0.003141842,0.002588397,0.000240932,0.000408288,0.000366084,0.000233093,-0.003554848,0.001282536
Warm Female,0.008883668,0.003349567,0.001044265,0.000528797,0.000951574,0.000301236,-0.001740623,0.001665037
Warm Male,-0.000667828,0.002979644,-0.000289782,0.000469734,-2.43183E-05,0.00026855,-0.004763651,0.001474349
Cold All,0.01163126,0.002439255,0.001606574,0.00022341,-0.001345228,0.000251919,0.008051125,0.001010855
Cold Female,0.013533274,0.003318819,0.001665194,0.000304138,-0.001298942,0.00034283,0.008375527,0.00137873
Cold Male,0.010373087,0.00282862,0.001568779,0.000259741,-0.001376107,0.000292266,0.007829841,0.001175308
Age 0-10 All,-0.003739208,0.00528379,0.00042584,0.000602422,-0.001227433,0.000499839,0.002342906,0.002377322
Age 0-10 Female,-0.002041041,0.007384112,0.001049612,0.000840128,-0.001004612,0.000696427,0.002985752,0.003310885
Age 0-10 Male,-0.005016581,0.006577293,-4.79104E-05,0.000751066,-0.001398653,0.000624024,0.001842633,0.0029673
Age 11-60 All,0.007645737,0.002701008,0.001291465,0.000302915,-0.000399565,0.000260108,0.003198769,0.001223194
Age 11-60 Female,0.011187517,0.003773709,0.001584933,0.000421778,-0.000212832,0.000363641,0.004126897,0.001707154
Age 11-60 Male,0.005593329,0.003131532,0.001119155,0.000352278,-0.000508209,0.000301266,0.002653574,0.001418873
Age 60+All,0.017906385,0.005983038,0.001873517,0.000672654,0.000656642,0.000581186,0.004228217,0.002739222
Age 60+ Female,0.024112186,0.007574316,0.001616285,0.000852744,0.001685389,0.000733908,0.005327835,0.003474756
Age 60+ Male,0.008904549,0.008700311,0.0022455,0.000976415,-0.000849646,0.00084656,0.002669574,0.003968359
All:LAG 5,0.003593044,0.002539589,0.000833273,0.00028547,-0.000599817,0.000243997,0.003423964,0.001148976
Female,0.005280194,0.003353575,0.000945063,0.000376031,-0.00046109,0.000322036,0.003273956,0.001519897
Male,0.002456139,0.002924943,0.000758467,0.000329566,-0.000695679,0.000281209,0.003516852,0.001322733
Warm All,-0.002609865,0.002590043,-0.000434449,0.00040851,-0.000250484,0.000233874,-0.002604744,0.001287859
Warm Female,-0.001420546,0.003358429,0.000158789,0.000530682,-0.000417778,0.000302789,-0.00369276,0.001677063
Warm Male,-0.003450463,0.002981484,-0.000829771,0.000469555,-0.000144731,0.000269509,-0.001919066,0.001478776
Cold All,0.01112221,0.002465379,0.001351627,0.000226089,-0.000932157,0.000254829,0.007837746,0.001021134
Cold Female,0.01324868,0.003341323,0.001276767,0.000306283,-0.000375303,0.000345104,0.008184745,0.001387643
Cold Male,0.009709123,0.002852583,0.001404073,0.000262034,-0.001309096,0.000294461,0.007605746,0.00118391
Age 0-10 All,-0.010697171,0.005286806,-0.000744459,0.000602878,-0.000906705,0.000498005,0.000854492,0.002381095
Age 0-10 Female,-0.007966546,0.007391498,-0.000125858,0.000842535,-0.000906043,0.000693967,0.001954635,0.003334724
Age 0-10 Male,-0.012763612,0.006581314,-0.001210301,0.000750399,-0.000910311,0.000621587,5.11813E-05,0.002959076
Age 11-60 All,0.004568524,0.002721144,0.000996478,0.000305183,-0.000689246,0.000262039,0.003900643,0.001230455
Age 11-60 Female,0.004923526,0.003796187,0.001005309,0.000424362,-0.000684387,0.0003652,0.003765752,0.00171821
Age 11-60 Male,0.004364335,0.003144134,0.000991699,0.000353574,-0.000692184,0.00030307,0.003980177,0.001421944
Age 60+All,0.015719173,0.006004883,0.001693782,0.000674669,0.000547829,0.000584622,0.003407648,0.002757263
Age 60+ Female,0.020282322,0.007595428,0.001693016,0.000851602,0.001125082,0.000739035,0.002438782,0.00348509
Age 60+ Male,0.008988988,0.008728725,0.001691937,0.000983814,-0.000307496,0.000849451,0.004846174,0.004009231
All:LAG 6,-0.002056531,0.002561965,0.00063066,0.00028885,-0.001082369,0.000244747,0.003408907,0.001154095
Female,-0.004900727,0.00338115,0.000385407,0.000380182,-0.001099534,0.00032273,0.003549264,0.001522071
Male,-0.000177547,0.002944604,0.000795068,0.000332697,-0.001072066,0.000281976,0.003307851,0.001328281
Warm All,-0.01386852,0.002634175,-0.001953703,0.000417714,-0.000678231,0.00023747,-0.003799968,0.001292558
Warm Female,-0.01895734,0.003399491,-0.002900414,0.000539692,-0.000787319,0.000306183,-0.005780576,0.001669854
Warm Male,-0.010554648,0.003029754,-0.001339165,0.00047976,-0.000609149,0.000272835,-0.002515669,0.001482999
Cold All,0.009971548,0.002481051,0.001513548,0.000228283,-0.001555394,0.000254456,0.008684781,0.001031455
Cold Female,0.009356529,0.003358353,0.001470101,0.000308398,-0.001409874,0.000343456,0.01023895,0.001393261
Cold Male,0.010381829,0.002861604,0.0015433,0.000264355,-0.001654112,0.000294567,0.007635029,0.001198107
Age 0-10 All,-0.011750585,0.005304225,-0.000525001,0.000606507,-0.000795789,0.000498491,-0.000223181,0.002377545
Age 0-10 Female,-0.017920778,0.007425379,-0.001010438,0.000846912,-0.000606029,0.000696849,0.002884917,0.003316209
Age 0-10 Male,-0.007128462,0.006604299,-0.000156065,0.000756189,-0.000947959,0.000621202,-0.002609478,0.002966369
Age 11-60 All,-0.001750165,0.002744723,0.000686258,0.000308772,-0.001175134,0.000262763,0.003665311,0.001236595
Age 11-60 Female,-0.00384104,0.00382387,0.00048996,0.00042878,-0.001182538,0.000365834,0.003480448,0.001722323
Age 11-60 Male,-0.000528558,0.003166564,0.000802906,0.000357022,-0.001170774,0.000303817,0.003772987,0.00142805
Age 60+All,0.008857703,0.006035432,0.001754924,0.000679888,-0.000797549,0.000585281,0.006651456,0.002744091
Age 60+ Female,0.003089375,0.007662031,0.001260454,0.000859896,-0.001244895,0.000739509,0.004705043,0.003475777
Age 60+ Male,0.017065966,0.008712673,0.002463015,0.000987798,-0.000138342,0.00085036,0.009428798,0.00397759
All:LAG 7,-0.000189442,0.002557576,0.000335706,0.000289908,-0.000567666,0.000244493,0.00079609,0.00116223
Female,-0.006387408,0.003387037,-0.000194631,0.000382919,-0.000748928,0.000323218,0.000336422,0.001538598
Male,0.003935164,0.002934896,0.000692558,0.000333371,-0.000446072,0.000281213,0.001100169,0.001334987
Warm All,-0.00741218,0.002633865,-0.001345739,0.000421036,-0.000280331,0.000236334,-0.003603769,0.001295381
Warm Female,-0.014974328,0.003415478,-0.002214745,0.000547728,-0.000697583,0.000306408,-0.004658703,0.001686541
Warm Male,-0.002433327,0.003023317,-0.000777895,0.000482607,-4.44362E-06,0.000271274,-0.002925338,0.001484087
Cold All,0.007318022,0.002485183,0.000907469,0.000230622,-0.000923084,0.000255596,0.003877809,0.001052986
Cold Female,0.002265508,0.003364768,0.000451694,0.000311298,-0.000785435,0.000344523,0.003699778,0.001421301
Cold Male,0.010710901,0.002857363,0.00121667,0.000265849,-0.001015252,0.000295038,0.003998247,0.001214549
Age 0-10 All,0.001468414,0.005300685,-0.000123937,0.000610658,0.000321616,0.000498534,0.001569035,0.002396816
Age 0-10 Female,-0.005021976,0.007423561,-0.000553771,0.000855704,0.000200101,0.000695316,-0.000758866,0.003343511
Age 0-10 Male,0.006399976,0.006592179,0.00020065,0.000759225,0.000413162,0.000622069,0.003378429,0.002990095
Age 11-60 All,-0.001253248,0.002744343,0.000401311,0.000310328,-0.000813389,0.000262585,0.000889841,0.001245646
Age 11-60 Female,-0.007122092,0.003835129,-9.33729E-05,0.000432082,-0.00104333,0.000366449,0.000917918,0.001739615
Age 11-60 Male,0.002162471,0.003163643,0.000693631,0.000358577,-0.000679395,0.000303328,0.000875376,0.001437092
Age 60+All,0.005479468,0.006041603,0.000433855,0.000682377,3.03907E-05,0.000585162,-0.001045607,0.002790991
Age 60+ Female,-0.004637102,0.007676863,-0.000350469,0.000864297,-0.000383939,0.000741305,-0.001306397,0.003537679
Age 60+ Male,0.020027818,0.008714672,0.001573313,0.000989084,0.000636137,0.000848067,-0.00072885,0.004042578
All:LAG 8,0.000534518,0.002563343,0.000194427,0.000290613,-0.000201038,0.000243844,0.000427504,0.00115798
Female,-0.000704548,0.00339974,2.51287E-05,0.000384134,-0.000132452,0.000323014,-0.000259054,0.001532974
Male,0.001374635,0.002945196,0.000309213,0.00033467,-0.000245212,0.000280416,0.000886763,0.001332118
Warm All,-0.005892908,0.002635094,-0.001638856,0.000418546,0.000169698,0.000236093,-0.001993225,0.001289011
Warm Female,-0.009057766,0.003432551,-0.001885289,0.000546187,-0.000156555,0.0003073,-0.002981582,0.001679644
Warm Male,-0.003811321,0.003021259,-0.001481734,0.000479836,0.000387493,0.000270658,-0.001353234,0.001477203
Cold All,0.007208467,0.002493585,0.000835897,0.000231633,-0.00068781,0.000253727,0.002080645,0.001053576
Cold Female,0.007687636,0.003375071,0.000659188,0.000312849,-9.80544E-05,0.000342885,0.001463259,0.001421791
Cold Male,0.006907731,0.002876804,0.000957697,0.000267688,-0.001086736,0.000292685,0.002502815,0.001217165
Age 0-10 All,0.004179495,0.005318987,-0.00026637,0.000612866,0.00080595,0.000497929,-0.000559608,0.002384019
Age 0-10 Female,0.000830435,0.007464607,-0.00070504,0.000859293,0.00108528,0.000695053,-0.004230418,0.003329706
Age 0-10 Male,0.006819085,0.006605083,7.49189E-05,0.000761533,0.000595736,0.00062096,0.002276184,0.002970353
Age 11-60 All,-0.000692349,0.002751675,0.000193374,0.000311218,-0.000394539,0.000262019,0.000398119,0.001242788
Age 11-60 Female,-0.000931445,0.003851574,0.000169615,0.000433678,-0.000448305,0.000366476,-0.000259063,0.00173654
Age 11-60 Male,-0.000550637,0.003175135,0.000207735,0.000360067,-0.000363057,0.000302544,0.000782571,0.00143545
Age 60+All,0.004651484,0.006074367,0.000809212,0.00068603,-0.000192545,0.000585404,0.002092312,0.002780046
Age 60+ Female,-0.001430734,0.007695736,3.1404E-05,0.000867361,5.81038E-05,0.000740281,0.003919082,0.003508608
Age 60+ Male,0.01351381,0.008803106,0.00195147,0.00099734,-0.000556374,0.000850736,-0.000648811,0.004051829
All:LAG 9,0.002210378,0.002586048,0.000423296,0.000292314,-0.000253921,0.000244941,-0.000367008,0.001160513
Female,0.006051912,0.003425943,0.000713937,0.000386033,-1.34612E-05,0.000324354,9.28234E-05,0.001537051
Male,-0.000324038,0.002968251,0.000230308,0.000336332,-0.000413978,0.000281237,-0.000676799,0.00133242
Warm All,-0.002691059,0.002652205,-0.000831379,0.000420745,8.43133E-05,0.000238155,-0.004398019,0.001281541
Warm Female,0.000184444,0.003447968,-0.000376099,0.000546822,0.000259255,0.000309323,-0.004554427,0.001674231
Warm Male,-0.004583365,0.003037402,-0.001133357,0.000482037,-2.95995E-05,0.000272934,-0.004308958,0.001464695
Cold All,0.006962343,0.002523834,0.000840943,0.000233319,-0.000720629,0.00025361,0.00272122,0.001062034
Cold Female,0.011372794,0.00341045,0.001028209,0.000314873,-0.000400371,0.000342439,0.003372181,0.001430627
Cold Male,0.004050245,0.00290649,0.000718523,0.00026913,-0.000937329,0.000292127,0.002284358,0.001225533
Age 0-10 All,0.008364023,0.005351926,0.000827937,0.000613654,9.27968E-05,0.000500085,-0.000421314,0.002391156
Age 0-10 Female,0.017307424,0.007501954,0.001514585,0.000859744,0.000589604,0.000700365,0.001558218,0.00335785
Age 0-10 Male,0.001657255,0.006654779,0.00031435,0.000763417,-0.000283091,0.000622083,-0.001913338,0.002968952
Age 11-60 All,0.00190611,0.002777779,0.000382079,0.000313365,-0.000250591,0.000263389,-0.000688855,0.001246798
Age 11-60 Female,0.006612003,0.003878166,0.000764331,0.000435677,1.76077E-05,0.000367553,-0.000506544,0.001739806
Age 11-60 Male,-0.000827966,0.003202791,0.000157481,0.000362298,-0.000408135,0.000303792,-0.000793848,0.001438263
Age 60+All,-0.004090836,0.006131746,0.000189242,0.000690773,-0.000798422,0.000587425,0.002219417,0.002763624
Age 60+ Female,-0.008184415,0.007796558,-0.000324728,0.000876596,-0.000824832,0.000744763,0.001497397,0.003505309
Age 60+ Male,0.001707322,0.00884907,0.000923896,0.000999588,-0.000755271,0.000851586,0.003243541,0.004003291
All:LAG 10,-0.000784976,0.002601694,0.00011226,0.000294882,-0.000422331,0.000245035,0.000212548,0.001165721
Female,-0.001442205,0.003441323,0.000226686,0.000388462,-0.000643919,0.000323429,0.00049072,0.001541826
Male,-0.000335046,0.002985073,3.53949E-05,0.000339255,-0.000271571,0.000281607,1.93005E-05,0.001337554
Warm All,-0.004681052,0.002653744,-0.000767851,0.000422058,-0.000174778,0.000239271,-0.001140107,0.001273989
Warm Female,-0.006938745,0.003445781,-0.000797179,0.000548817,-0.000446849,0.000310397,-0.001428755,0.001660618
Warm Male,-0.003170974,0.003035996,-0.000748518,0.000482423,9.0767E-06,0.000273816,-0.000970093,0.00145359
Cold All,0.00319674,0.002549302,0.000416747,0.000235752,-0.00077732,0.000251882,0.001399964,0.001075373
Cold Female,0.003840481,0.003443674,0.000539227,0.000317179,-0.000943927,0.000338866,0.001853172,0.001449365
Cold Male,0.002767911,0.002937332,0.000333169,0.000272417,-0.000662248,0.000291256,0.001087336,0.001241005
Age 0-10 All,0.003587427,0.005365893,0.000227462,0.000618269,-8.73909E-05,0.000500026,0.00061346,0.002392914
Age 0-10 Female,0.011526444,0.007540324,0.000872122,0.000865244,0.000427313,0.000699444,0.004090761,0.003340368
Age 0-10 Male,-0.00231117,0.006657164,-0.000259568,0.000769441,-0.000474859,0.000622533,-0.002066703,0.00298341
Age 11-60 All,-0.00046294,0.002792313,0.000179067,0.000315565,-0.000437679,0.000263183,-0.000429399,0.001251452
Age 11-60 Female,-0.00153915,0.003891775,0.000382051,0.000437759,-0.000835958,0.000365884,-0.000800927,0.001745027
Age 11-60 Male,0.000180212,0.003219145,6.02499E-05,0.000364816,-0.000202379,0.000303923,-0.000210513,0.001442372
Age 60+All,-0.009195612,0.006158441,-0.000543107,0.000697626,-0.000797112,0.000586442,0.004588244,0.002771271
Age 60+ Female,-0.014071318,0.007817115,-0.001140582,0.000882819,-0.000872968,0.000744454,0.003023571,0.003530239
Age 60+ Male,-0.002236646,0.008899488,0.000321529,0.001012302,-0.000688818,0.000847413,0.006774847,0.003985399
All:LAG 11,-0.001009586,0.002611661,8.08213E-05,0.000295179,-0.000345556,0.000246049,-0.000328279,0.001164738
Female,-0.000172022,0.003450469,0.000353574,0.000388416,-0.000457937,0.000324889,-0.000616634,0.001540226
Male,-0.001581264,0.002991028,-0.000104917,0.000338941,-0.000270394,0.00028195,-0.000145239,0.001333146
Warm All,-0.006507313,0.002659531,-0.001296949,0.000420576,-0.000224194,0.000241452,-0.002585977,0.00127502
Warm Female,-0.003299579,0.003457498,-0.000657916,0.000546924,-0.000141261,0.000313685,-0.00292062,0.00166129
Warm Male,-0.008650332,0.00302813,-0.001722536,0.000478859,-0.000280743,0.00027499,-0.00238098,0.001449806
Cold All,0.004756135,0.002563903,0.000556236,0.000236198,-0.000492502,0.000251663,0.001830222,0.001070815
Cold Female,0.002954018,0.003458238,0.000668614,0.000317497,-0.000823857,0.000338365,0.001502148,0.001444646
Cold Male,0.005967325,0.002956578,0.000478831,0.000273112,-0.00026539,0.000290826,0.002045331,0.001234688
Age 0-10 All,0.006136916,0.005391553,0.000568713,0.000618635,0.000518347,0.000502812,0.000132557,0.002392842
Age 0-10 Female,0.015477857,0.007553951,0.001259408,0.00086533,0.001100809,0.000701597,-0.000447953,0.003343684
Age 0-10 Male,-0.000936826,0.006702241,4.21809E-05,0.000770092,7.06577E-05,0.000627122,0.000570288,0.002981162
Age 11-60 All,-0.002154625,0.002800744,-5.3558E-05,0.000315877,-0.000519166,0.000264057,-0.001040747,0.001249151
Age 11-60 Female,-0.002122266,0.003903573,0.000218116,0.00043814,-0.000834186,0.000368058,-0.001942305,0.001744134
Age 11-60 Male,-0.002189184,0.003222859,-0.000217376,0.000364479,-0.000334773,0.000303927,-0.000529662,0.001435913
Age 60+All,-0.001866143,0.006177154,0.000461493,0.0006953,-0.000232319,0.000586335,0.004547611,0.002770715
Age 60+ Female,-0.00670393,0.007830314,0.000112564,0.000879527,-0.000301645,0.000741936,0.005556621,0.003508523
Age 60+ Male,0.005030681,0.008927424,0.000967174,0.001008225,-0.000145733,0.000849635,0.003041655,0.004012441
All:LAG 12,0.000285147,0.002617881,0.000353967,0.000296666,-0.000489295,0.000246786,0.001906475,0.001155372
Female,0.000257929,0.003458739,0.000511848,0.000390351,-0.000601566,0.000325737,0.001781121,0.001529507
Male,0.000308174,0.003003822,0.000248482,0.000341384,-0.000414533,0.00028346,0.001994421,0.001324329
Warm All,-0.006893862,0.002659127,-0.001211735,0.00042089,-0.0001963,0.000241601,0.000914886,0.001254482
Warm Female,-0.000669976,0.00345024,-0.00036714,0.000546611,0.00023155,0.000313177,0.001065331,0.00163393
Warm Male,-0.01100809,0.003037247,-0.001769797,0.000480573,-0.000479,0.000276112,0.000808106,0.001429853
Cold All,0.00776426,0.002577419,0.000888287,0.000237291,-0.000837413,0.000253427,0.003295651,0.001067361
Cold Female,0.000805647,0.003487275,0.000758954,0.000319724,-0.001587372,0.000340652,0.002905314,0.001444225
Cold Male,0.01244783,0.002969635,0.000978166,0.000274608,-0.000330678,0.000293479,0.003571385,0.001231245
Age 0-10 All,0.011336021,0.005410656,0.001517102,0.00062292,0.000218369,0.000503424,0.000479687,0.002381414
Age 0-10 Female,0.026950851,0.007549394,0.002955682,0.000868508,0.001128764,0.000701473,0.001291118,0.003342385
Age 0-10 Male,-0.00047126,0.006740328,0.000429445,0.000776917,-0.000484597,0.000627772,-0.000100306,0.002954512
Age 11-60 All,-0.000991963,0.002806166,0.000171344,0.000317383,-0.000572071,0.000264905,0.002230348,0.001237709
Age 11-60 Female,-0.002742826,0.003912717,0.000186746,0.00044043,-0.000794323,0.000369007,0.001673103,0.001729551
Age 11-60 Male,3.1586E-05,0.003233405,0.000160982,0.000366758,-0.000440551,0.000305554,0.002554508,0.001424806
Age 60+All,-0.005128147,0.00619205,0.000193727,0.00069816,-0.000870543,0.000589149,0.001349997,0.002759892
Age 60+ Female,-0.012434184,0.007855113,-0.000319514,0.000882955,-0.001520685,0.000746659,0.002802629,0.003487851
Age 60+ Male,0.005311531,0.008936169,0.000942369,0.001012414,5.61049E-05,0.000851687,-0.000747156,0.004006725
All:LAG 13,-0.003016362,0.002628346,-0.000273126,0.000298091,-0.000273375,0.000246769,0.003014923,0.001157936
Female,-0.003372413,0.00346892,-0.000156502,0.000392204,-0.000336537,0.000325186,0.003715889,0.001525528
Male,-0.002769092,0.003019369,-0.000350763,0.000343118,-0.000230138,0.000283766,0.002548756,0.00133257
Warm All,-0.004883178,0.002644034,-0.001492215,0.000413106,0.000145679,0.000241262,0.002863404,0.001251068
Warm Female,-0.001705062,0.003425614,-0.001075685,0.000536702,0.000417996,0.000312365,0.00490914,0.001618044
Warm Male,-0.006967569,0.003024569,-0.001762798,0.000472096,-3.31464E-05,0.000276064,0.001514398,0.001433051
Cold All,-0.001111627,0.002626779,0.000159938,0.000241396,-0.000808072,0.000254566,0.003422823,0.001075962
Cold Female,-0.005126773,0.003543737,0.000164387,0.00032464,-0.001214124,0.000341987,0.00301848,0.001450381
Cold Male,0.001586866,0.003030003,0.000157555,0.000279109,-0.000532635,0.000294782,0.003701542,0.001243454
Age 0-10 All,0.000207215,0.005433665,0.000194588,0.000625696,-0.00021305,0.000503749,2.36191E-05,0.00238344
Age 0-10 Female,0.001742935,0.007599214,0.001129756,0.000871928,-0.000977159,0.000703,0.002500028,0.003317046
Age 0-10 Male,-0.000985325,0.006746558,-0.000521216,0.000778843,0.00037185,0.000626386,-0.001833965,0.00297024
Age 11-60 All,-0.003328029,0.002816494,-0.000355571,0.000318677,-0.000279261,0.000264784,0.003884327,0.001239334
Age 11-60 Female,-0.003249094,0.003925841,-0.00028746,0.000442605,-0.000206971,0.000368578,0.004461959,0.001725437
Age 11-60 Male,-0.003371067,0.003247976,-0.000396297,0.000368263,-0.000320812,0.000305574,0.003545008,0.001431525
Age 60+All,-0.004997098,0.006216039,-0.000266496,0.000702375,-0.000311943,0.000588239,0.000442094,0.002776164
Age 60+ Female,-0.00910888,0.007873799,-0.000799382,0.000888144,-0.000272929,0.000743142,0.001316329,0.003502761
Age 60+ Male,0.000893836,0.008997033,0.00050733,0.001019194,-0.00037501,0.000854739,-0.000844667,0.004041075
All:LAG 14,-0.000852997,0.0026372,-0.000251041,0.000299562,0.000115976,0.000247251,0.002563691,0.001165854
Female,6.81301E-05,0.003482021,-4.19412E-05,0.000394237,0.000124628,0.000326227,0.003173687,0.001536985
Male,-0.001458453,0.003028447,-0.000389976,0.00034475,0.000109712,0.000284079,0.002157177,0.001340895
Warm All,-0.002486306,0.002629976,-0.001437104,0.000408539,0.000486434,0.00024174,2.10401E-05,0.001266859
Warm Female,0.001328749,0.003407432,-0.000703436,0.000530607,0.000629945,0.000313038,-0.001319868,0.001644167
Warm Male,-0.00498302,0.003005099,-0.001915663,0.00046636,0.000392424,0.000276491,0.00089873,0.001445963
Cold All,0.000315407,0.002662661,0.000186109,0.000243912,-0.000462763,0.000255016,0.004648195,0.001076888
Cold Female,-0.002005803,0.003595048,0.000155824,0.000328478,-0.000547071,0.000343959,0.006810183,0.001449018
Cold Male,0.001896887,0.00307093,0.000208917,0.000281842,-0.000407517,0.000294433,0.003180129,0.001247385
Age 0-10 All,0.00176602,0.00542794,2.49555E-05,0.00062657,0.000302945,0.000502157,-0.000366929,0.002405268
Age 0-10 Female,0.006265686,0.007562273,0.000364676,0.000872787,0.000805945,0.000699536,-0.000693022,0.00335534
Age 0-10 Male,-0.001736141,0.006772397,-0.000232425,0.000781901,-9.36757E-05,0.000626571,-7.54848E-05,0.002998235
Age 11-60 All,-0.001674836,0.002829248,-0.000439661,0.000320561,0.000166911,0.000265436,0.002865805,0.001248793
Age 11-60 Female,-0.00229658,0.003947797,-0.000329368,0.000445355,3.70948E-05,0.000370026,0.003634054,0.001737171
Age 11-60 Male,-0.001306549,0.00325805,-0.000504117,0.000370121,0.000242999,0.000305833,0.002415845,0.001441413
Age 60+All,0.001803507,0.006217705,0.000818928,0.000703265,-0.000575447,0.000591074,0.004352531,0.002776742
Age 60+ Female,0.004797675,0.007877038,0.000920663,0.000889415,-0.000208298,0.000746522,0.005040102,0.003514418
Age 60+ Male,-0.002464713,0.008994233,0.000671692,0.001020247,-0.001108763,0.000859175,0.003374103,0.004024289
